issue,count,action,reason
Mixed date formats,364900,Converted valid dates to datetime,Standardize dates for reliable date-based analysis
Unparseable dates,80,Removed records with unparseable dates,Date could not be reliably reconstructed and was excluded to avoid unreliable date-based analysis
Market trailing whitespace,325,Trimmed whitespace,Standardize market labels
Inconsistent channel capitalization,325,Standardized channel labels,Standardize category values
Mixed promo flag formats,1200,Converted to 0/1,Create consistent binary representation
Invalid transit delays,215,Converted to missing,Unknown and negative delay values are not valid numeric delays
Negative unit prices,35,Converted to missing,Negative prices are impossible for this field
Negative units sold,35,Converted to missing,Negative fulfilled sales are invalid
Exact duplicate rows,180,Removed duplicate rows,Exact duplicates do not represent additional observations
Valid-date business-key duplicates,0,No rows removed,No duplicate date + market + channel + SKU combinations remained
